Cost, param, run0.1815, tissues_nominal_zpv-, 67
0.2166, k_E-, 61
0.2319, tissues_nominal_stressed_volume-, 69
0.2344, tissues_gamma-, 81
0.2351, heart_drive_k_TR-, 29
0.2485, height-, 3
0.2489, R_vc-, 63
0.2552, heart_drive_k_TR+, 30
0.2596, tissuesCompliance_PhiEffect+, 78
0.2596, heart_R_vlv-, 15
0.2599, venous_diameter_correction+, 92
0.2604, heart_drive_drive-, 33
0.2656, pulm_C_PA+, 126
0.2660, Ra_factor+, 74
0.2669, hydrostaticLevel_correction+, 56
0.2671, heart_vntr_sigma_act_factor-, 47
0.2671, thoracic_pressure_ratio-, 53
0.2674, baro_Ts-, 107
0.2686, baro_delta0_aor+, 112
0.2688, heart_R_RA+, 20
0.2691, Ra_factor-, 73
0.2695, baro_g-, 115
0.2695, heart_drive_k_TS_maxAct+, 28
0.2698, heart_drive_k_TS_maxAct-, 27
0.2700, veins_activation_tau-, 89
0.2700, heart_drive_k_TR_maxAct+, 32
0.2700, pulm_CO_target-, 121
0.2700, heart_atr_Emin-, 37
0.2700, heart_atr_Tact+, 36
0.2700, V_PV_init-, 13
0.2700, blood_rho+, 104
0.2700, baro_d0-, 105
0.2700, baro_d0+, 106
0.2700, heart_atr_Emin+, 38
0.2700, vessel_c-, 97
0.2700, vessel_c+, 98
0.2700, vessel_a+, 94
0.2700, heart_atr_sigma_a+, 42
0.2701, heart_atr_sigma_a-, 41
0.2701, V_PV_init+, 14
0.2701, heart_atr_Emax-, 39
0.2701, age-, 7
0.2701, heart_vntr_k_passive_factor-, 51
0.2701, weight+, 6
0.2701, tissues_nominal_cardiac_output+, 72
0.2701, heart_atr_Tact-, 35
0.2701, weight-, 5
0.2701, exercise_factor_on_tissue_compliance+, 80
0.2701, vessel_a-, 93
0.2701, heart_atr_Emax+, 40
0.2701, vessel_d+, 100
0.2701, blood_mu-, 101
0.2701, pulm_CO_target+, 122
0.2701, blood_mu+, 102
0.2701, tissues_nominal_cardiac_output-, 71
0.2701, vessel_d-, 99
0.2701, exercise_factor_on_tissue_compliance-, 79
0.2701, heart_vntr_k_passive_factor+, 52
0.2701, veins_alpha-, 87
0.2701, tissues_Ra_tau+, 76
0.2701, heart_drive_k_TR_maxAct-, 31
0.2701, age+, 8
0.2701, tissues_Ra_tau-, 75
0.2701, vessel_b-, 95
0.2701, vessel_b+, 96
0.2701, blood_rho-, 103
0.2701, veins_activation_tau+, 90
0.2701, veins_alpha+, 88
0.2701, exercise_factor+, 84
0.2702, heart_drive_offset_maxAct+, 24
0.2702, heart_drive_offset_maxAct-, 23
0.2704, heart_vntr_Vw_factor-, 43
0.2708, exercise_factor-, 83
0.2717, tissues_nominal_pressure+, 66
0.2723, baro_Ts+, 108
0.2729, hydrostaticLevel_correction-, 55
0.2735, heart_vntr_sigma_actMaxAct_factor-, 49
0.2791, heart_drive_k_TS-, 25
0.2807, heart_drive_k_TS+, 26
0.2815, baro_g+, 116
0.2827, heart_R_vlv+, 16
0.2861, tissuesCompliance_PhiEffect-, 77
0.2869, heart_R_LA+, 18
0.2895, TPR+, 58
0.2920, venous_diameter_correction-, 91
0.2920, heart_vntr_sigma_actMaxAct_factor+, 50
0.2922, heart_R_RA-, 19
0.2923, HR_max-, 11
0.2926, tissues_gamma+, 82
0.2958, heart_vntr_AmRef_factor+, 46
0.2966, TR_frac+, 60
0.2969, baro_delta0_car+, 114
0.2980, HR_nominal-, 9
0.3004, thoracic_pressure_ratio+, 54
0.3010, phi0-, 1
0.3036, R_vc+, 64
0.3045, baro_delta0_factor+, 110
0.3049, HR_max+, 12
0.3078, pulm_R_PA+, 128
0.3105, baro_delta0_car-, 113
0.3115, baro_f1-, 119
0.3145, baro_fsn-, 117
0.3148, veins_gamma-, 85
0.3171, TPR-, 57
0.3176, phi0+, 2
0.3185, pulm_C_PV+, 124
0.3189, baro_delta0_aor-, 111
0.3202, pulm_C_PA-, 125
0.3217, heart_R_LA-, 17
0.3217, HR_nominal+, 10
0.3223, heart_drive_offset-, 21
0.3256, heart_vntr_sigma_act_factor+, 48
0.3293, heart_drive_offset+, 22
0.3311, pulm_R_PA-, 127
0.3407, pulm_C_PV-, 123
0.3428, baro_fsn+, 118
0.3432, veins_gamma+, 86
0.3454, k_E+, 62
0.3483, baro_f1+, 120
0.3504, heart_vntr_Vw_factor+, 44
0.3547, baro_delta0_factor-, 109
0.3678, tissues_nominal_pressure-, 65
0.3787, heart_drive_drive+, 34
0.3865, heart_vntr_AmRef_factor-, 45
0.3886, TR_frac-, 59
0.4050, tissues_nominal_stressed_volume+, 70
0.4274, height+, 4
0.8139, tissues_nominal_zpv+, 68